Semestre,TasaHomicidios,Cambio
2016-07,2.112849957280815,0.0
2017-01,2.293397635834666,8.55
2017-07,1.9985322255130658,-12.86
2018-01,2.308646531583748,15.52
2018-07,2.243614234919417,-2.82
2019-01,2.3236667719847115,3.57
2019-07,1.6136574805449386,-30.56
2020-01,1.569654038639757,-2.73
2020-07,0.7688101413745748,-51.02
2021-01,1.9078738590119375,148.16
2021-07,1.494501189559351,-21.67
2021-12,1.1129264177569635,-25.53
